"1","movie name 1","/static/images/Shawshank_Redemption.jpg","/static/texts/name2.txt","2","movie  2","/static/images/Shawshank_Redemption.jpg","/static/texts/name2.txt","3","movie 3","/static/images/Shawshank_Redemption.jpg","/static/texts/name2.txt","4","movie 4","/static/images/Shawshank_Redemption.jpg","/static/texts/name2.txt","5","movie 5","/static/images/Shawshank_Redemption.jpg","/static/texts/name2.txt","6","movie 6","/static/images/Shawshank_Redemption.jpg","/static/texts/name2.txt","7","movie 7","/static/images/Shawshank_Redemption.jpg","/static/texts/name2.txt","8","movie 8","/static/images/Shawshank_Redemption.jpg","/static/texts/name2.txt"
"1","movie name 1","/static/images/Shawshank_Redemption.jpg","/static/texts/name2.txt","2","movie  2","/static/images/Shawshank_Redemption.jpg","/static/texts/name2.txt","3","movie 3","/static/images/Shawshank_Redemption.jpg","/static/texts/name2.txt","4","movie 4","/static/images/Shawshank_Redemption.jpg","/static/texts/name2.txt","5","movie 5","/static/images/Shawshank_Redemption.jpg","/static/texts/name2.txt","6","movie 6","/static/images/Shawshank_Redemption.jpg","/static/texts/name2.txt","7","movie 7","/static/images/Shawshank_Redemption.jpg","/static/texts/name2.txt","8","movie 8","/static/images/Shawshank_Redemption.jpg","/static/texts/name2.txt"
"1","movie name 1","/static/images/Shawshank_Redemption.jpg","/static/texts/name2.txt","2","movie  2","/static/images/Shawshank_Redemption.jpg","/static/texts/name2.txt","3","movie 3","/static/images/Shawshank_Redemption.jpg","/static/texts/name2.txt","4","movie 4","/static/images/Shawshank_Redemption.jpg","/static/texts/name2.txt","5","movie 5","/static/images/Shawshank_Redemption.jpg","/static/texts/name2.txt","6","movie 6","/static/images/Shawshank_Redemption.jpg","/static/texts/name2.txt","7","movie 7","/static/images/Shawshank_Redemption.jpg","/static/texts/name2.txt","8","movie 8","/static/images/Shawshank_Redemption.jpg","/static/texts/name2.txt"
"1","movie name 1","/static/images/Shawshank_Redemption.jpg","/static/texts/name2.txt","2","movie  2","/static/images/Shawshank_Redemption.jpg","/static/texts/name2.txt","3","movie 3","/static/images/Shawshank_Redemption.jpg","/static/texts/name2.txt","4","movie 4","/static/images/Shawshank_Redemption.jpg","/static/texts/name2.txt","5","movie 5","/static/images/Shawshank_Redemption.jpg","/static/texts/name2.txt","6","movie 6","/static/images/Shawshank_Redemption.jpg","/static/texts/name2.txt","7","movie 7","/static/images/Shawshank_Redemption.jpg","/static/texts/name2.txt","8","movie 8","/static/images/Shawshank_Redemption.jpg","/static/texts/name2.txt"
"1","movie name 1","/static/images/Shawshank_Redemption.jpg","/static/texts/name2.txt","2","movie  2","/static/images/Shawshank_Redemption.jpg","/static/texts/name2.txt","3","movie 3","/static/images/Shawshank_Redemption.jpg","/static/texts/name2.txt","4","movie 4","/static/images/Shawshank_Redemption.jpg","/static/texts/name2.txt","5","movie 5","/static/images/Shawshank_Redemption.jpg","/static/texts/name2.txt","6","movie 6","/static/images/Shawshank_Redemption.jpg","/static/texts/name2.txt","7","movie 7","/static/images/Shawshank_Redemption.jpg","/static/texts/name2.txt","8","movie 8","/static/images/Shawshank_Redemption.jpg","/static/texts/name2.txt"
"1","movie name 1","/static/images/Shawshank_Redemption.jpg","/static/texts/name2.txt","2","movie  2","/static/images/Shawshank_Redemption.jpg","/static/texts/name2.txt","3","movie 3","/static/images/Shawshank_Redemption.jpg","/static/texts/name2.txt","4","movie 4","/static/images/Shawshank_Redemption.jpg","/static/texts/name2.txt","5","movie 5","/static/images/Shawshank_Redemption.jpg","/static/texts/name2.txt","6","movie 6","/static/images/Shawshank_Redemption.jpg","/static/texts/name2.txt","7","movie 7","/static/images/Shawshank_Redemption.jpg","/static/texts/name2.txt","8","movie 8","/static/images/Shawshank_Redemption.jpg","/static/texts/name2.txt"
"1","movie name 1","/static/images/Shawshank_Redemption.jpg","/static/texts/name2.txt","2","movie  2","/static/images/Shawshank_Redemption.jpg","/static/texts/name2.txt","3","movie 3","/static/images/Shawshank_Redemption.jpg","/static/texts/name2.txt","4","movie 4","/static/images/Shawshank_Redemption.jpg","/static/texts/name2.txt","5","movie 5","/static/images/Shawshank_Redemption.jpg","/static/texts/name2.txt","6","movie 6","/static/images/Shawshank_Redemption.jpg","/static/texts/name2.txt","7","movie 7","/static/images/Shawshank_Redemption.jpg","/static/texts/name2.txt","8","movie 8","/static/images/Shawshank_Redemption.jpg","/static/texts/name2.txt"
"1","movie name 1","/static/images/Shawshank_Redemption.jpg","/static/texts/name2.txt","2","movie  2","/static/images/Shawshank_Redemption.jpg","/static/texts/name2.txt","3","movie 3","/static/images/Shawshank_Redemption.jpg","/static/texts/name2.txt","4","movie 4","/static/images/Shawshank_Redemption.jpg","/static/texts/name2.txt","5","movie 5","/static/images/Shawshank_Redemption.jpg","/static/texts/name2.txt","6","movie 6","/static/images/Shawshank_Redemption.jpg","/static/texts/name2.txt","7","movie 7","/static/images/Shawshank_Redemption.jpg","/static/texts/name2.txt","8","movie 8","/static/images/Shawshank_Redemption.jpg","/static/texts/name2.txt"
"1","movie name 1","/static/images/Shawshank_Redemption.jpg","/static/texts/name2.txt","2","movie  2","/static/images/Shawshank_Redemption.jpg","/static/texts/name2.txt","3","movie 3","/static/images/Shawshank_Redemption.jpg","/static/texts/name2.txt","4","movie 4","/static/images/Shawshank_Redemption.jpg","/static/texts/name2.txt","5","movie 5","/static/images/Shawshank_Redemption.jpg","/static/texts/name2.txt","6","movie 6","/static/images/Shawshank_Redemption.jpg","/static/texts/name2.txt","7","movie 7","/static/images/Shawshank_Redemption.jpg","/static/texts/name2.txt","8","movie 8","/static/images/Shawshank_Redemption.jpg","/static/texts/name2.txt"
"1","movie name 1","/static/images/Shawshank_Redemption.jpg","/static/texts/name2.txt","2","movie  2","/static/images/Shawshank_Redemption.jpg","/static/texts/name2.txt","3","movie 3","/static/images/Shawshank_Redemption.jpg","/static/texts/name2.txt","4","movie 4","/static/images/Shawshank_Redemption.jpg","/static/texts/name2.txt","5","movie 5","/static/images/Shawshank_Redemption.jpg","/static/texts/name2.txt","6","movie 6","/static/images/Shawshank_Redemption.jpg","/static/texts/name2.txt","7","movie 7","/static/images/Shawshank_Redemption.jpg","/static/texts/name2.txt","8","movie 8","/static/images/Shawshank_Redemption.jpg","/static/texts/name2.txt"
"1","movie name 1","/static/images/Shawshank_Redemption.jpg","/static/texts/name2.txt","2","movie  2","/static/images/Shawshank_Redemption.jpg","/static/texts/name2.txt","3","movie 3","/static/images/Shawshank_Redemption.jpg","/static/texts/name2.txt","4","movie 4","/static/images/Shawshank_Redemption.jpg","/static/texts/name2.txt","5","movie 5","/static/images/Shawshank_Redemption.jpg","/static/texts/name2.txt","6","movie 6","/static/images/Shawshank_Redemption.jpg","/static/texts/name2.txt","7","movie 7","/static/images/Shawshank_Redemption.jpg","/static/texts/name2.txt","8","movie 8","/static/images/Shawshank_Redemption.jpg","/static/texts/name2.txt"